profile,rms_zs,max_zs,rms_jerk,comfort_score
profile_1,0.008813000114592785,0.06248744567010138,8.677812,131.62751759150987
profile_2,0.016832123451346527,0.02856654358622519,37.54281,195.60980899080994
profile_3,0.0014170157797178705,0.0043774484956530255,21.634335,103.2720060461072
profile_4,0.011737062258108426,0.08385792467474931,64.65319,1529.2272348481379
profile_5,0.01007209857868332,0.053008610082452765,67.734406,1297.4307405822233
